<annotation>
	<folder>colacan</folder>
	<filename>colacan5.png</filename>
	<path>C:\Users\dammy -pc\Downloads\branding\cola can\colacan\colacan5.png</path>
	<source>
		<database>Unknown</database>
	</source>
	<size>
		<width>458</width>
		<height>458</height>
		<depth>3</depth>
	</size>
	<segmented>0</segmented>
	<object>
		<name>coca_cola_can</name>
		<pose>Unspecified</pose>
		<truncated>0</truncated>
		<difficult>0</difficult>
		<bndbox>
			<xmin>111</xmin>
			<ymin>22</ymin>
			<xmax>344</xmax>
			<ymax>435</ymax>
		</bndbox>
	</object>
</annotation>
