<annotation>
	<folder>colacan</folder>
	<filename>colacan7.jpeg</filename>
	<path>C:\Users\dammy -pc\Downloads\branding\cola can\colacan\colacan7.jpeg</path>
	<source>
		<database>Unknown</database>
	</source>
	<size>
		<width>100</width>
		<height>100</height>
		<depth>3</depth>
	</size>
	<segmented>0</segmented>
	<object>
		<name>coca_cola_can</name>
		<pose>Unspecified</pose>
		<truncated>1</truncated>
		<difficult>0</difficult>
		<bndbox>
			<xmin>14</xmin>
			<ymin>1</ymin>
			<xmax>79</xmax>
			<ymax>95</ymax>
		</bndbox>
	</object>
</annotation>
