<annotation>
	<folder>colacan</folder>
	<filename>colacan11.jpg</filename>
	<path>C:\Users\dammy -pc\Downloads\branding\cola can\colacan\colacan11.jpg</path>
	<source>
		<database>Unknown</database>
	</source>
	<size>
		<width>3967</width>
		<height>2975</height>
		<depth>3</depth>
	</size>
	<segmented>0</segmented>
	<object>
		<name>coca_cola_can</name>
		<pose>Unspecified</pose>
		<truncated>0</truncated>
		<difficult>0</difficult>
		<bndbox>
			<xmin>1385</xmin>
			<ymin>325</ymin>
			<xmax>2440</xmax>
			<ymax>2548</ymax>
		</bndbox>
	</object>
</annotation>
