<annotation>
	<folder>colabottle</folder>
	<filename>cola11.jpeg</filename>
	<path>C:\Users\dammy -pc\Downloads\branding\coca bottle\colabottle\cola11.jpeg</path>
	<source>
		<database>Unknown</database>
	</source>
	<size>
		<width>100</width>
		<height>100</height>
		<depth>3</depth>
	</size>
	<segmented>0</segmented>
	<object>
		<name>coca_cola_bottle</name>
		<pose>Unspecified</pose>
		<truncated>1</truncated>
		<difficult>0</difficult>
		<bndbox>
			<xmin>29</xmin>
			<ymin>1</ymin>
			<xmax>69</xmax>
			<ymax>100</ymax>
		</bndbox>
	</object>
</annotation>
