<annotation>
	<folder>colabottle</folder>
	<filename>cola26.jpeg</filename>
	<path>C:\Users\dammy -pc\Downloads\branding\coca bottle\colabottle\cola26.jpeg</path>
	<source>
		<database>Unknown</database>
	</source>
	<size>
		<width>285</width>
		<height>177</height>
		<depth>3</depth>
	</size>
	<segmented>0</segmented>
	<object>
		<name>coca_cola_bottle</name>
		<pose>Unspecified</pose>
		<truncated>0</truncated>
		<difficult>0</difficult>
		<bndbox>
			<xmin>45</xmin>
			<ymin>9</ymin>
			<xmax>95</xmax>
			<ymax>166</ymax>
		</bndbox>
	</object>
	<object>
		<name>coca_cola_bottle</name>
		<pose>Unspecified</pose>
		<truncated>0</truncated>
		<difficult>0</difficult>
		<bndbox>
			<xmin>115</xmin>
			<ymin>5</ymin>
			<xmax>164</xmax>
			<ymax>167</ymax>
		</bndbox>
	</object>
	<object>
		<name>coca_cola_bottle</name>
		<pose>Unspecified</pose>
		<truncated>0</truncated>
		<difficult>0</difficult>
		<bndbox>
			<xmin>188</xmin>
			<ymin>10</ymin>
			<xmax>240</xmax>
			<ymax>168</ymax>
		</bndbox>
	</object>
</annotation>
