<annotation>
	<folder>colabottle</folder>
	<filename>cola18.png</filename>
	<path>C:\Users\dammy -pc\Downloads\branding\coca bottle\colabottle\cola18.png</path>
	<source>
		<database>Unknown</database>
	</source>
	<size>
		<width>994</width>
		<height>3395</height>
		<depth>3</depth>
	</size>
	<segmented>0</segmented>
	<object>
		<name>coca_cola_bottle</name>
		<pose>Unspecified</pose>
		<truncated>1</truncated>
		<difficult>0</difficult>
		<bndbox>
			<xmin>5</xmin>
			<ymin>5</ymin>
			<xmax>994</xmax>
			<ymax>3355</ymax>
		</bndbox>
	</object>
</annotation>
