<annotation>
	<folder>colabottle</folder>
	<filename>cola22.jpg</filename>
	<path>C:\Users\dammy -pc\Downloads\branding\coca bottle\colabottle\cola22.jpg</path>
	<source>
		<database>Unknown</database>
	</source>
	<size>
		<width>185</width>
		<height>272</height>
		<depth>3</depth>
	</size>
	<segmented>0</segmented>
	<object>
		<name>coca_cola_bottle</name>
		<pose>Unspecified</pose>
		<truncated>0</truncated>
		<difficult>0</difficult>
		<bndbox>
			<xmin>61</xmin>
			<ymin>33</ymin>
			<xmax>120</xmax>
			<ymax>243</ymax>
		</bndbox>
	</object>
</annotation>
