<annotation>
	<folder>colacan</folder>
	<filename>colacan24.jpeg</filename>
	<path>C:\Users\dammy -pc\Downloads\branding\cola can\colacan\colacan24.jpeg</path>
	<source>
		<database>Unknown</database>
	</source>
	<size>
		<width>100</width>
		<height>100</height>
		<depth>3</depth>
	</size>
	<segmented>0</segmented>
	<object>
		<name>coca_cola_can</name>
		<pose>Unspecified</pose>
		<truncated>0</truncated>
		<difficult>0</difficult>
		<bndbox>
			<xmin>5</xmin>
			<ymin>25</ymin>
			<xmax>32</xmax>
			<ymax>76</ymax>
		</bndbox>
	</object>
	<object>
		<name>coca_cola_can</name>
		<pose>Unspecified</pose>
		<truncated>0</truncated>
		<difficult>0</difficult>
		<bndbox>
			<xmin>36</xmin>
			<ymin>25</ymin>
			<xmax>62</xmax>
			<ymax>74</ymax>
		</bndbox>
	</object>
	<object>
		<name>coca_cola_can</name>
		<pose>Unspecified</pose>
		<truncated>0</truncated>
		<difficult>0</difficult>
		<bndbox>
			<xmin>67</xmin>
			<ymin>25</ymin>
			<xmax>93</xmax>
			<ymax>75</ymax>
		</bndbox>
	</object>
</annotation>
