<annotation>
	<folder>colacan</folder>
	<filename>colacan9.png</filename>
	<path>C:\Users\dammy -pc\Downloads\branding\cola can\colacan\colacan9.png</path>
	<source>
		<database>Unknown</database>
	</source>
	<size>
		<width>225</width>
		<height>225</height>
		<depth>3</depth>
	</size>
	<segmented>0</segmented>
	<object>
		<name>coca_cola_can</name>
		<pose>Unspecified</pose>
		<truncated>0</truncated>
		<difficult>0</difficult>
		<bndbox>
			<xmin>63</xmin>
			<ymin>19</ymin>
			<xmax>165</xmax>
			<ymax>212</ymax>
		</bndbox>
	</object>
</annotation>
