<annotation>
	<folder>colacan</folder>
	<filename>colacan12.jpg</filename>
	<path>C:\Users\dammy -pc\Downloads\branding\cola can\colacan\colacan12.jpg</path>
	<source>
		<database>Unknown</database>
	</source>
	<size>
		<width>500</width>
		<height>500</height>
		<depth>3</depth>
	</size>
	<segmented>0</segmented>
	<object>
		<name>coca_cola_can</name>
		<pose>Unspecified</pose>
		<truncated>0</truncated>
		<difficult>0</difficult>
		<bndbox>
			<xmin>125</xmin>
			<ymin>5</ymin>
			<xmax>374</xmax>
			<ymax>497</ymax>
		</bndbox>
	</object>
</annotation>
