<annotation>
	<folder>colacan</folder>
	<filename>colacan20.jpg</filename>
	<path>C:\Users\dammy -pc\Downloads\branding\cola can\colacan\colacan20.jpg</path>
	<source>
		<database>Unknown</database>
	</source>
	<size>
		<width>202</width>
		<height>250</height>
		<depth>3</depth>
	</size>
	<segmented>0</segmented>
	<object>
		<name>coca_cola_can</name>
		<pose>Unspecified</pose>
		<truncated>0</truncated>
		<difficult>0</difficult>
		<bndbox>
			<xmin>58</xmin>
			<ymin>12</ymin>
			<xmax>141</xmax>
			<ymax>225</ymax>
		</bndbox>
	</object>
</annotation>
