<annotation>
	<folder>colacan</folder>
	<filename>colacan25.jpeg</filename>
	<path>C:\Users\dammy -pc\Downloads\branding\cola can\colacan\colacan25.jpeg</path>
	<source>
		<database>Unknown</database>
	</source>
	<size>
		<width>100</width>
		<height>100</height>
		<depth>3</depth>
	</size>
	<segmented>0</segmented>
	<object>
		<name>coca_cola_can</name>
		<pose>Unspecified</pose>
		<truncated>0</truncated>
		<difficult>0</difficult>
		<bndbox>
			<xmin>33</xmin>
			<ymin>23</ymin>
			<xmax>69</xmax>
			<ymax>96</ymax>
		</bndbox>
	</object>
</annotation>
