<annotation>
	<folder>colabottle</folder>
	<filename>cola23.png</filename>
	<path>C:\Users\dammy -pc\Downloads\branding\coca bottle\colabottle\cola23.png</path>
	<source>
		<database>Unknown</database>
	</source>
	<size>
		<width>900</width>
		<height>1723</height>
		<depth>3</depth>
	</size>
	<segmented>0</segmented>
	<object>
		<name>coca_cola_bottle</name>
		<pose>Unspecified</pose>
		<truncated>0</truncated>
		<difficult>0</difficult>
		<bndbox>
			<xmin>235</xmin>
			<ymin>18</ymin>
			<xmax>695</xmax>
			<ymax>1710</ymax>
		</bndbox>
	</object>
</annotation>
