<annotation>
	<folder>colacan</folder>
	<filename>colacan17.jpg</filename>
	<path>C:\Users\dammy -pc\Downloads\branding\cola can\colacan\colacan17.jpg</path>
	<source>
		<database>Unknown</database>
	</source>
	<size>
		<width>1000</width>
		<height>1000</height>
		<depth>3</depth>
	</size>
	<segmented>0</segmented>
	<object>
		<name>coca_cola_can</name>
		<pose>Unspecified</pose>
		<truncated>0</truncated>
		<difficult>0</difficult>
		<bndbox>
			<xmin>258</xmin>
			<ymin>27</ymin>
			<xmax>729</xmax>
			<ymax>971</ymax>
		</bndbox>
	</object>
</annotation>
