<annotation>
	<folder>colabottle</folder>
	<filename>cola13.jpg</filename>
	<path>C:\Users\dammy -pc\Downloads\branding\coca bottle\colabottle\cola13.jpg</path>
	<source>
		<database>Unknown</database>
	</source>
	<size>
		<width>600</width>
		<height>766</height>
		<depth>3</depth>
	</size>
	<segmented>0</segmented>
	<object>
		<name>coca_cola_bottle</name>
		<pose>Unspecified</pose>
		<truncated>0</truncated>
		<difficult>0</difficult>
		<bndbox>
			<xmin>230</xmin>
			<ymin>160</ymin>
			<xmax>360</xmax>
			<ymax>604</ymax>
		</bndbox>
	</object>
</annotation>
