<annotation>
	<folder>colabottle</folder>
	<filename>cola27.jpeg</filename>
	<path>C:\Users\dammy -pc\Downloads\branding\coca bottle\colabottle\cola27.jpeg</path>
	<source>
		<database>Unknown</database>
	</source>
	<size>
		<width>225</width>
		<height>225</height>
		<depth>3</depth>
	</size>
	<segmented>0</segmented>
	<object>
		<name>coca_cola_bottle</name>
		<pose>Unspecified</pose>
		<truncated>0</truncated>
		<difficult>0</difficult>
		<bndbox>
			<xmin>88</xmin>
			<ymin>36</ymin>
			<xmax>130</xmax>
			<ymax>182</ymax>
		</bndbox>
	</object>
</annotation>
