<annotation>
	<folder>colabottle</folder>
	<filename>cola6.jpg</filename>
	<path>C:\Users\dammy -pc\Downloads\branding\coca bottle\colabottle\cola6.jpg</path>
	<source>
		<database>Unknown</database>
	</source>
	<size>
		<width>639</width>
		<height>1023</height>
		<depth>3</depth>
	</size>
	<segmented>0</segmented>
	<object>
		<name>coca_cola_bottle</name>
		<pose>Unspecified</pose>
		<truncated>0</truncated>
		<difficult>0</difficult>
		<bndbox>
			<xmin>198</xmin>
			<ymin>76</ymin>
			<xmax>437</xmax>
			<ymax>949</ymax>
		</bndbox>
	</object>
</annotation>
