<annotation>
	<folder>colacan</folder>
	<filename>colacan19.jpeg</filename>
	<path>C:\Users\dammy -pc\Downloads\branding\cola can\colacan\colacan19.jpeg</path>
	<source>
		<database>Unknown</database>
	</source>
	<size>
		<width>164</width>
		<height>308</height>
		<depth>3</depth>
	</size>
	<segmented>0</segmented>
	<object>
		<name>coca_cola_can</name>
		<pose>Unspecified</pose>
		<truncated>1</truncated>
		<difficult>0</difficult>
		<bndbox>
			<xmin>2</xmin>
			<ymin>1</ymin>
			<xmax>163</xmax>
			<ymax>308</ymax>
		</bndbox>
	</object>
</annotation>
