<annotation>
	<folder>colacan</folder>
	<filename>colacan14.jpg</filename>
	<path>C:\Users\dammy -pc\Downloads\branding\cola can\colacan\colacan14.jpg</path>
	<source>
		<database>Unknown</database>
	</source>
	<size>
		<width>700</width>
		<height>700</height>
		<depth>3</depth>
	</size>
	<segmented>0</segmented>
	<object>
		<name>coca_cola_can</name>
		<pose>Unspecified</pose>
		<truncated>0</truncated>
		<difficult>0</difficult>
		<bndbox>
			<xmin>16</xmin>
			<ymin>113</ymin>
			<xmax>229</xmax>
			<ymax>512</ymax>
		</bndbox>
	</object>
	<object>
		<name>coca_cola_can</name>
		<pose>Unspecified</pose>
		<truncated>0</truncated>
		<difficult>0</difficult>
		<bndbox>
			<xmin>229</xmin>
			<ymin>152</ymin>
			<xmax>445</xmax>
			<ymax>570</ymax>
		</bndbox>
	</object>
	<object>
		<name>coca_cola_can</name>
		<pose>Unspecified</pose>
		<truncated>0</truncated>
		<difficult>0</difficult>
		<bndbox>
			<xmin>459</xmin>
			<ymin>198</ymin>
			<xmax>678</xmax>
			<ymax>633</ymax>
		</bndbox>
	</object>
</annotation>
