<annotation>
	<folder>colabottle</folder>
	<filename>cola17.png</filename>
	<path>C:\Users\dammy -pc\Downloads\branding\coca bottle\colabottle\cola17.png</path>
	<source>
		<database>Unknown</database>
	</source>
	<size>
		<width>224</width>
		<height>280</height>
		<depth>3</depth>
	</size>
	<segmented>0</segmented>
	<object>
		<name>coca_cola_bottle</name>
		<pose>Unspecified</pose>
		<truncated>0</truncated>
		<difficult>0</difficult>
		<bndbox>
			<xmin>81</xmin>
			<ymin>18</ymin>
			<xmax>152</xmax>
			<ymax>267</ymax>
		</bndbox>
	</object>
	<object>
		<name>sprite_bottle</name>
		<pose>Unspecified</pose>
		<truncated>0</truncated>
		<difficult>0</difficult>
		<bndbox>
			<xmin>152</xmin>
			<ymin>10</ymin>
			<xmax>201</xmax>
			<ymax>259</ymax>
		</bndbox>
	</object>
	<object>
		<name>fanta_bottle</name>
		<pose>Unspecified</pose>
		<truncated>0</truncated>
		<difficult>0</difficult>
		<bndbox>
			<xmin>34</xmin>
			<ymin>10</ymin>
			<xmax>79</xmax>
			<ymax>260</ymax>
		</bndbox>
	</object>
</annotation>
