<annotation>
	<folder>colacan</folder>
	<filename>colacan18.jpeg</filename>
	<path>C:\Users\dammy -pc\Downloads\branding\cola can\colacan\colacan18.jpeg</path>
	<source>
		<database>Unknown</database>
	</source>
	<size>
		<width>225</width>
		<height>225</height>
		<depth>3</depth>
	</size>
	<segmented>0</segmented>
	<object>
		<name>coca_cola_can</name>
		<pose>Unspecified</pose>
		<truncated>0</truncated>
		<difficult>0</difficult>
		<bndbox>
			<xmin>72</xmin>
			<ymin>6</ymin>
			<xmax>156</xmax>
			<ymax>219</ymax>
		</bndbox>
	</object>
</annotation>
