<annotation>
	<folder>colabottle</folder>
	<filename>cola20.jpg</filename>
	<path>C:\Users\dammy -pc\Downloads\branding\coca bottle\colabottle\cola20.jpg</path>
	<source>
		<database>Unknown</database>
	</source>
	<size>
		<width>159</width>
		<height>317</height>
		<depth>3</depth>
	</size>
	<segmented>0</segmented>
	<object>
		<name>coca_cola_bottle</name>
		<pose>Unspecified</pose>
		<truncated>0</truncated>
		<difficult>0</difficult>
		<bndbox>
			<xmin>35</xmin>
			<ymin>8</ymin>
			<xmax>126</xmax>
			<ymax>310</ymax>
		</bndbox>
	</object>
</annotation>
