<annotation>
	<folder>colabottle</folder>
	<filename>cola10.jpeg</filename>
	<path>C:\Users\dammy -pc\Downloads\branding\coca bottle\colabottle\cola10.jpeg</path>
	<source>
		<database>Unknown</database>
	</source>
	<size>
		<width>238</width>
		<height>212</height>
		<depth>3</depth>
	</size>
	<segmented>0</segmented>
	<object>
		<name>coca_cola_bottle</name>
		<pose>Unspecified</pose>
		<truncated>0</truncated>
		<difficult>0</difficult>
		<bndbox>
			<xmin>91</xmin>
			<ymin>9</ymin>
			<xmax>146</xmax>
			<ymax>199</ymax>
		</bndbox>
	</object>
</annotation>
