<annotation>
	<folder>colabottle</folder>
	<filename>cola15.jpg</filename>
	<path>C:\Users\dammy -pc\Downloads\branding\coca bottle\colabottle\cola15.jpg</path>
	<source>
		<database>Unknown</database>
	</source>
	<size>
		<width>5096</width>
		<height>3176</height>
		<depth>3</depth>
	</size>
	<segmented>0</segmented>
	<object>
		<name>coca_cola_bottle</name>
		<pose>Unspecified</pose>
		<truncated>0</truncated>
		<difficult>0</difficult>
		<bndbox>
			<xmin>792</xmin>
			<ymin>169</ymin>
			<xmax>1719</xmax>
			<ymax>3006</ymax>
		</bndbox>
	</object>
	<object>
		<name>coca_cola_bottle</name>
		<pose>Unspecified</pose>
		<truncated>0</truncated>
		<difficult>0</difficult>
		<bndbox>
			<xmin>2087</xmin>
			<ymin>185</ymin>
			<xmax>2961</xmax>
			<ymax>3017</ymax>
		</bndbox>
	</object>
	<object>
		<name>coca_cola_bottle</name>
		<pose>Unspecified</pose>
		<truncated>0</truncated>
		<difficult>0</difficult>
		<bndbox>
			<xmin>3403</xmin>
			<ymin>190</ymin>
			<xmax>4277</xmax>
			<ymax>3017</ymax>
		</bndbox>
	</object>
</annotation>
