<annotation>
	<folder>fanbottle</folder>
	<filename>fanbottle4.jpeg</filename>
	<path>C:\Users\dammy -pc\Downloads\branding\fanta bottle\fanbottle\fanbottle4.jpeg</path>
	<source>
		<database>Unknown</database>
	</source>
	<size>
		<width>225</width>
		<height>225</height>
		<depth>3</depth>
	</size>
	<segmented>0</segmented>
	<object>
		<name>fanta_bottle</name>
		<pose>Unspecified</pose>
		<truncated>0</truncated>
		<difficult>0</difficult>
		<bndbox>
			<xmin>84</xmin>
			<ymin>2</ymin>
			<xmax>145</xmax>
			<ymax>222</ymax>
		</bndbox>
	</object>
</annotation>
