<annotation>
	<folder>fanbottle</folder>
	<filename>fanbottle5.jpeg</filename>
	<path>C:\Users\dammy -pc\Downloads\branding\fanta bottle\fanbottle\fanbottle5.jpeg</path>
	<source>
		<database>Unknown</database>
	</source>
	<size>
		<width>100</width>
		<height>100</height>
		<depth>3</depth>
	</size>
	<segmented>0</segmented>
	<object>
		<name>fanta_bottle</name>
		<pose>Unspecified</pose>
		<truncated>0</truncated>
		<difficult>0</difficult>
		<bndbox>
			<xmin>34</xmin>
			<ymin>3</ymin>
			<xmax>60</xmax>
			<ymax>96</ymax>
		</bndbox>
	</object>
</annotation>
