<annotation>
	<folder>fanbottle</folder>
	<filename>fanbottle11.jpg</filename>
	<path>C:\Users\dammy -pc\Downloads\branding\fanta bottle\fanbottle\fanbottle11.jpg</path>
	<source>
		<database>Unknown</database>
	</source>
	<size>
		<width>830</width>
		<height>818</height>
		<depth>3</depth>
	</size>
	<segmented>0</segmented>
	<object>
		<name>fanta_bottle</name>
		<pose>Unspecified</pose>
		<truncated>1</truncated>
		<difficult>0</difficult>
		<bndbox>
			<xmin>236</xmin>
			<ymin>21</ymin>
			<xmax>587</xmax>
			<ymax>818</ymax>
		</bndbox>
	</object>
</annotation>
