<annotation>
	<folder>fanbottle</folder>
	<filename>fanbottle29.jpg</filename>
	<path>C:\Users\dammy -pc\Downloads\branding\fanta bottle\fanbottle\fanbottle29.jpg</path>
	<source>
		<database>Unknown</database>
	</source>
	<size>
		<width>479</width>
		<height>1390</height>
		<depth>3</depth>
	</size>
	<segmented>0</segmented>
	<object>
		<name>fanta_bottle</name>
		<pose>Unspecified</pose>
		<truncated>0</truncated>
		<difficult>0</difficult>
		<bndbox>
			<xmin>87</xmin>
			<ymin>80</ymin>
			<xmax>402</xmax>
			<ymax>1251</ymax>
		</bndbox>
	</object>
</annotation>
