<annotation>
	<folder>fanbottle</folder>
	<filename>fanbottle21.jpg</filename>
	<path>C:\Users\dammy -pc\Downloads\branding\fanta bottle\fanbottle\fanbottle21.jpg</path>
	<source>
		<database>Unknown</database>
	</source>
	<size>
		<width>370</width>
		<height>550</height>
		<depth>3</depth>
	</size>
	<segmented>0</segmented>
	<object>
		<name>fanta_bottle</name>
		<pose>Unspecified</pose>
		<truncated>0</truncated>
		<difficult>0</difficult>
		<bndbox>
			<xmin>127</xmin>
			<ymin>32</ymin>
			<xmax>246</xmax>
			<ymax>526</ymax>
		</bndbox>
	</object>
</annotation>
