<annotation>
	<folder>fancan</folder>
	<filename>fancan1.jpg</filename>
	<path>C:\Users\dammy -pc\Downloads\branding\fanta can\fancan\fancan1.jpg</path>
	<source>
		<database>Unknown</database>
	</source>
	<size>
		<width>300</width>
		<height>300</height>
		<depth>3</depth>
	</size>
	<segmented>0</segmented>
	<object>
		<name>fanta_can</name>
		<pose>Unspecified</pose>
		<truncated>0</truncated>
		<difficult>0</difficult>
		<bndbox>
			<xmin>72</xmin>
			<ymin>5</ymin>
			<xmax>228</xmax>
			<ymax>297</ymax>
		</bndbox>
	</object>
</annotation>
