<annotation>
	<folder>fancan</folder>
	<filename>fancan14.jpeg</filename>
	<path>C:\Users\dammy -pc\Downloads\branding\fanta can\fancan\fancan14.jpeg</path>
	<source>
		<database>Unknown</database>
	</source>
	<size>
		<width>100</width>
		<height>100</height>
		<depth>3</depth>
	</size>
	<segmented>0</segmented>
	<object>
		<name>fanta_can</name>
		<pose>Unspecified</pose>
		<truncated>1</truncated>
		<difficult>0</difficult>
		<bndbox>
			<xmin>21</xmin>
			<ymin>1</ymin>
			<xmax>73</xmax>
			<ymax>100</ymax>
		</bndbox>
	</object>
</annotation>
