<annotation>
	<folder>fancan</folder>
	<filename>fancan27.jpeg</filename>
	<path>C:\Users\dammy -pc\Downloads\branding\fanta can\fancan\fancan27.jpeg</path>
	<source>
		<database>Unknown</database>
	</source>
	<size>
		<width>467</width>
		<height>800</height>
		<depth>3</depth>
	</size>
	<segmented>0</segmented>
	<object>
		<name>fanta_can</name>
		<pose>Unspecified</pose>
		<truncated>1</truncated>
		<difficult>0</difficult>
		<bndbox>
			<xmin>1</xmin>
			<ymin>1</ymin>
			<xmax>467</xmax>
			<ymax>793</ymax>
		</bndbox>
	</object>
</annotation>
