<annotation>
	<folder>fancan</folder>
	<filename>fancan10.jpeg</filename>
	<path>C:\Users\dammy -pc\Downloads\branding\fanta can\fancan\fancan10.jpeg</path>
	<source>
		<database>Unknown</database>
	</source>
	<size>
		<width>100</width>
		<height>100</height>
		<depth>3</depth>
	</size>
	<segmented>0</segmented>
	<object>
		<name>fanta_can</name>
		<pose>Unspecified</pose>
		<truncated>0</truncated>
		<difficult>0</difficult>
		<bndbox>
			<xmin>30</xmin>
			<ymin>13</ymin>
			<xmax>72</xmax>
			<ymax>88</ymax>
		</bndbox>
	</object>
</annotation>
