<annotation>
	<folder>fancan</folder>
	<filename>fancan6.png</filename>
	<path>C:\Users\dammy -pc\Downloads\branding\fanta can\fancan\fancan6.png</path>
	<source>
		<database>Unknown</database>
	</source>
	<size>
		<width>700</width>
		<height>700</height>
		<depth>3</depth>
	</size>
	<segmented>0</segmented>
	<object>
		<name>fanta_can</name>
		<pose>Unspecified</pose>
		<truncated>0</truncated>
		<difficult>0</difficult>
		<bndbox>
			<xmin>243</xmin>
			<ymin>250</ymin>
			<xmax>462</xmax>
			<ymax>675</ymax>
		</bndbox>
	</object>
</annotation>
