<annotation>
	<folder>fancan</folder>
	<filename>fancan17.jpg</filename>
	<path>C:\Users\dammy -pc\Downloads\branding\fanta can\fancan\fancan17.jpg</path>
	<source>
		<database>Unknown</database>
	</source>
	<size>
		<width>866</width>
		<height>1300</height>
		<depth>3</depth>
	</size>
	<segmented>0</segmented>
	<object>
		<name>fanta_can</name>
		<pose>Unspecified</pose>
		<truncated>0</truncated>
		<difficult>0</difficult>
		<bndbox>
			<xmin>157</xmin>
			<ymin>80</ymin>
			<xmax>759</xmax>
			<ymax>1173</ymax>
		</bndbox>
	</object>
</annotation>
