<annotation>
	<folder>fancan</folder>
	<filename>fancan25.jpg</filename>
	<path>C:\Users\dammy -pc\Downloads\branding\fanta can\fancan\fancan25.jpg</path>
	<source>
		<database>Unknown</database>
	</source>
	<size>
		<width>225</width>
		<height>225</height>
		<depth>3</depth>
	</size>
	<segmented>0</segmented>
	<object>
		<name>fanta_can</name>
		<pose>Unspecified</pose>
		<truncated>0</truncated>
		<difficult>0</difficult>
		<bndbox>
			<xmin>71</xmin>
			<ymin>12</ymin>
			<xmax>152</xmax>
			<ymax>213</ymax>
		</bndbox>
	</object>
</annotation>
