<annotation>
	<folder>fancan</folder>
	<filename>fancan13.jpg</filename>
	<path>C:\Users\dammy -pc\Downloads\branding\fanta can\fancan\fancan13.jpg</path>
	<source>
		<database>Unknown</database>
	</source>
	<size>
		<width>225</width>
		<height>225</height>
		<depth>3</depth>
	</size>
	<segmented>0</segmented>
	<object>
		<name>fanta_can</name>
		<pose>Unspecified</pose>
		<truncated>1</truncated>
		<difficult>0</difficult>
		<bndbox>
			<xmin>53</xmin>
			<ymin>1</ymin>
			<xmax>168</xmax>
			<ymax>222</ymax>
		</bndbox>
	</object>
</annotation>
