<annotation>
	<folder>fancan</folder>
	<filename>fancan16.png</filename>
	<path>C:\Users\dammy -pc\Downloads\branding\fanta can\fancan\fancan16.png</path>
	<source>
		<database>Unknown</database>
	</source>
	<size>
		<width>1200</width>
		<height>1200</height>
		<depth>3</depth>
	</size>
	<segmented>0</segmented>
	<object>
		<name>fanta_can</name>
		<pose>Unspecified</pose>
		<truncated>0</truncated>
		<difficult>0</difficult>
		<bndbox>
			<xmin>391</xmin>
			<ymin>172</ymin>
			<xmax>844</xmax>
			<ymax>1032</ymax>
		</bndbox>
	</object>
</annotation>
