<annotation>
	<folder>fancan</folder>
	<filename>fancan3.jpg</filename>
	<path>C:\Users\dammy -pc\Downloads\branding\fanta can\fancan\fancan3.jpg</path>
	<source>
		<database>Unknown</database>
	</source>
	<size>
		<width>1200</width>
		<height>1200</height>
		<depth>3</depth>
	</size>
	<segmented>0</segmented>
	<object>
		<name>fanta_can</name>
		<pose>Unspecified</pose>
		<truncated>0</truncated>
		<difficult>0</difficult>
		<bndbox>
			<xmin>413</xmin>
			<ymin>130</ymin>
			<xmax>785</xmax>
			<ymax>1066</ymax>
		</bndbox>
	</object>
</annotation>
