<annotation>
	<folder>fancan</folder>
	<filename>fancan272.jpg</filename>
	<path>C:\Users\dammy -pc\Downloads\branding\fanta can\fancan\fancan272.jpg</path>
	<source>
		<database>Unknown</database>
	</source>
	<size>
		<width>470</width>
		<height>329</height>
		<depth>3</depth>
	</size>
	<segmented>0</segmented>
	<object>
		<name>fanta_can</name>
		<pose>Unspecified</pose>
		<truncated>0</truncated>
		<difficult>0</difficult>
		<bndbox>
			<xmin>38</xmin>
			<ymin>36</ymin>
			<xmax>179</xmax>
			<ymax>299</ymax>
		</bndbox>
	</object>
	<object>
		<name>fanta_can</name>
		<pose>Unspecified</pose>
		<truncated>0</truncated>
		<difficult>0</difficult>
		<bndbox>
			<xmin>191</xmin>
			<ymin>60</ymin>
			<xmax>305</xmax>
			<ymax>281</ymax>
		</bndbox>
	</object>
	<object>
		<name>fanta_can</name>
		<pose>Unspecified</pose>
		<truncated>0</truncated>
		<difficult>0</difficult>
		<bndbox>
			<xmin>315</xmin>
			<ymin>59</ymin>
			<xmax>439</xmax>
			<ymax>288</ymax>
		</bndbox>
	</object>
</annotation>
