<annotation>
	<folder>fancan</folder>
	<filename>fancan4.jpg</filename>
	<path>C:\Users\dammy -pc\Downloads\branding\fanta can\fancan\fancan4.jpg</path>
	<source>
		<database>Unknown</database>
	</source>
	<size>
		<width>864</width>
		<height>1300</height>
		<depth>3</depth>
	</size>
	<segmented>0</segmented>
	<object>
		<name>fanta_can</name>
		<pose>Unspecified</pose>
		<truncated>0</truncated>
		<difficult>0</difficult>
		<bndbox>
			<xmin>280</xmin>
			<ymin>235</ymin>
			<xmax>589</xmax>
			<ymax>1029</ymax>
		</bndbox>
	</object>
</annotation>
