<annotation>
	<folder>pepbottle</folder>
	<filename>pepbottle3.png</filename>
	<path>C:\Users\dammy -pc\Downloads\branding\pepsi bottle\pepbottle\pepbottle3.png</path>
	<source>
		<database>Unknown</database>
	</source>
	<size>
		<width>500</width>
		<height>500</height>
		<depth>3</depth>
	</size>
	<segmented>0</segmented>
	<object>
		<name>pepsi_bottle</name>
		<pose>Unspecified</pose>
		<truncated>0</truncated>
		<difficult>0</difficult>
		<bndbox>
			<xmin>196</xmin>
			<ymin>57</ymin>
			<xmax>305</xmax>
			<ymax>443</ymax>
		</bndbox>
	</object>
</annotation>
