<annotation>
	<folder>pepbottle</folder>
	<filename>pepbottle7.jpg</filename>
	<path>C:\Users\dammy -pc\Downloads\branding\pepsi bottle\pepbottle\pepbottle7.jpg</path>
	<source>
		<database>Unknown</database>
	</source>
	<size>
		<width>300</width>
		<height>300</height>
		<depth>3</depth>
	</size>
	<segmented>0</segmented>
	<object>
		<name>pepsi_bottle</name>
		<pose>Unspecified</pose>
		<truncated>1</truncated>
		<difficult>0</difficult>
		<bndbox>
			<xmin>108</xmin>
			<ymin>1</ymin>
			<xmax>192</xmax>
			<ymax>300</ymax>
		</bndbox>
	</object>
</annotation>
