<annotation>
	<folder>pepbottle</folder>
	<filename>pepbottle12.jpg</filename>
	<path>C:\Users\dammy -pc\Downloads\branding\pepsi bottle\pepbottle\pepbottle12.jpg</path>
	<source>
		<database>Unknown</database>
	</source>
	<size>
		<width>138</width>
		<height>300</height>
		<depth>3</depth>
	</size>
	<segmented>0</segmented>
	<object>
		<name>pepsi_bottle</name>
		<pose>Unspecified</pose>
		<truncated>0</truncated>
		<difficult>0</difficult>
		<bndbox>
			<xmin>26</xmin>
			<ymin>16</ymin>
			<xmax>106</xmax>
			<ymax>296</ymax>
		</bndbox>
	</object>
</annotation>
