<annotation>
	<folder>pepbottle</folder>
	<filename>pepbottle4.jpg</filename>
	<path>C:\Users\dammy -pc\Downloads\branding\pepsi bottle\pepbottle\pepbottle4.jpg</path>
	<source>
		<database>Unknown</database>
	</source>
	<size>
		<width>181</width>
		<height>278</height>
		<depth>3</depth>
	</size>
	<segmented>0</segmented>
	<object>
		<name>pepsi_bottle</name>
		<pose>Unspecified</pose>
		<truncated>0</truncated>
		<difficult>0</difficult>
		<bndbox>
			<xmin>57</xmin>
			<ymin>17</ymin>
			<xmax>127</xmax>
			<ymax>256</ymax>
		</bndbox>
	</object>
</annotation>
