<annotation>
	<folder>pepcan</folder>
	<filename>pepcan21.jpeg</filename>
	<path>C:\Users\dammy -pc\Downloads\branding\pepsi can\pepcan\pepcan21.jpeg</path>
	<source>
		<database>Unknown</database>
	</source>
	<size>
		<width>191</width>
		<height>264</height>
		<depth>3</depth>
	</size>
	<segmented>0</segmented>
	<object>
		<name>pepsi_can</name>
		<pose>Unspecified</pose>
		<truncated>0</truncated>
		<difficult>0</difficult>
		<bndbox>
			<xmin>33</xmin>
			<ymin>7</ymin>
			<xmax>159</xmax>
			<ymax>256</ymax>
		</bndbox>
	</object>
</annotation>
