<annotation>
	<folder>pepcan</folder>
	<filename>pepcan8.png</filename>
	<path>C:\Users\dammy -pc\Downloads\branding\pepsi can\pepcan\pepcan8.png</path>
	<source>
		<database>Unknown</database>
	</source>
	<size>
		<width>285</width>
		<height>530</height>
		<depth>3</depth>
	</size>
	<segmented>0</segmented>
	<object>
		<name>pepsi_can</name>
		<pose>Unspecified</pose>
		<truncated>0</truncated>
		<difficult>0</difficult>
		<bndbox>
			<xmin>4</xmin>
			<ymin>5</ymin>
			<xmax>278</xmax>
			<ymax>525</ymax>
		</bndbox>
	</object>
</annotation>
