<annotation>
	<folder>pepcan</folder>
	<filename>pepcan9.jpg</filename>
	<path>C:\Users\dammy -pc\Downloads\branding\pepsi can\pepcan\pepcan9.jpg</path>
	<source>
		<database>Unknown</database>
	</source>
	<size>
		<width>500</width>
		<height>500</height>
		<depth>3</depth>
	</size>
	<segmented>0</segmented>
	<object>
		<name>pepsi_can</name>
		<pose>Unspecified</pose>
		<truncated>0</truncated>
		<difficult>0</difficult>
		<bndbox>
			<xmin>120</xmin>
			<ymin>33</ymin>
			<xmax>378</xmax>
			<ymax>472</ymax>
		</bndbox>
	</object>
</annotation>
