<annotation>
	<folder>pepcan</folder>
	<filename>pepcan12.jpg</filename>
	<path>C:\Users\dammy -pc\Downloads\branding\pepsi can\pepcan\pepcan12.jpg</path>
	<source>
		<database>Unknown</database>
	</source>
	<size>
		<width>1000</width>
		<height>1000</height>
		<depth>3</depth>
	</size>
	<segmented>0</segmented>
	<object>
		<name>pepsi_can</name>
		<pose>Unspecified</pose>
		<truncated>0</truncated>
		<difficult>0</difficult>
		<bndbox>
			<xmin>214</xmin>
			<ymin>11</ymin>
			<xmax>747</xmax>
			<ymax>988</ymax>
		</bndbox>
	</object>
</annotation>
