<annotation>
	<folder>pepcan</folder>
	<filename>pepcan14.jpg</filename>
	<path>C:\Users\dammy -pc\Downloads\branding\pepsi can\pepcan\pepcan14.jpg</path>
	<source>
		<database>Unknown</database>
	</source>
	<size>
		<width>800</width>
		<height>800</height>
		<depth>3</depth>
	</size>
	<segmented>0</segmented>
	<object>
		<name>pepsi_can</name>
		<pose>Unspecified</pose>
		<truncated>0</truncated>
		<difficult>0</difficult>
		<bndbox>
			<xmin>180</xmin>
			<ymin>4</ymin>
			<xmax>617</xmax>
			<ymax>790</ymax>
		</bndbox>
	</object>
</annotation>
