<annotation>
	<folder>sprbottle</folder>
	<filename>sprbottle5.jpg</filename>
	<path>C:\Users\dammy -pc\Downloads\branding\sprite bottle\sprbottle\sprbottle5.jpg</path>
	<source>
		<database>Unknown</database>
	</source>
	<size>
		<width>225</width>
		<height>225</height>
		<depth>3</depth>
	</size>
	<segmented>0</segmented>
	<object>
		<name>sprite_bottle</name>
		<pose>Unspecified</pose>
		<truncated>0</truncated>
		<difficult>0</difficult>
		<bndbox>
			<xmin>88</xmin>
			<ymin>12</ymin>
			<xmax>141</xmax>
			<ymax>211</ymax>
		</bndbox>
	</object>
</annotation>
