<annotation>
	<folder>sprbottle</folder>
	<filename>sprbottle4.jpg</filename>
	<path>C:\Users\dammy -pc\Downloads\branding\sprite bottle\sprbottle\sprbottle4.jpg</path>
	<source>
		<database>Unknown</database>
	</source>
	<size>
		<width>225</width>
		<height>225</height>
		<depth>3</depth>
	</size>
	<segmented>0</segmented>
	<object>
		<name>sprite_bottle</name>
		<pose>Unspecified</pose>
		<truncated>0</truncated>
		<difficult>0</difficult>
		<bndbox>
			<xmin>77</xmin>
			<ymin>7</ymin>
			<xmax>147</xmax>
			<ymax>221</ymax>
		</bndbox>
	</object>
</annotation>
