<annotation>
	<folder>sprbottle</folder>
	<filename>sprbottle16.png</filename>
	<path>C:\Users\dammy -pc\Downloads\branding\sprite bottle\sprbottle\sprbottle16.png</path>
	<source>
		<database>Unknown</database>
	</source>
	<size>
		<width>398</width>
		<height>499</height>
		<depth>3</depth>
	</size>
	<segmented>0</segmented>
	<object>
		<name>sprite_bottle</name>
		<pose>Unspecified</pose>
		<truncated>0</truncated>
		<difficult>0</difficult>
		<bndbox>
			<xmin>130</xmin>
			<ymin>3</ymin>
			<xmax>269</xmax>
			<ymax>492</ymax>
		</bndbox>
	</object>
</annotation>
