<annotation>
	<folder>sprbottle</folder>
	<filename>sprbottle21.png</filename>
	<path>C:\Users\dammy -pc\Downloads\branding\sprite bottle\sprbottle\sprbottle21.png</path>
	<source>
		<database>Unknown</database>
	</source>
	<size>
		<width>910</width>
		<height>3256</height>
		<depth>3</depth>
	</size>
	<segmented>0</segmented>
	<object>
		<name>sprite_bottle</name>
		<pose>Unspecified</pose>
		<truncated>0</truncated>
		<difficult>0</difficult>
		<bndbox>
			<xmin>12</xmin>
			<ymin>5</ymin>
			<xmax>902</xmax>
			<ymax>3250</ymax>
		</bndbox>
	</object>
</annotation>
