<annotation>
	<folder>sprbottle</folder>
	<filename>sprbottle23.png</filename>
	<path>C:\Users\dammy -pc\Downloads\branding\sprite bottle\sprbottle\sprbottle23.png</path>
	<source>
		<database>Unknown</database>
	</source>
	<size>
		<width>409</width>
		<height>1350</height>
		<depth>3</depth>
	</size>
	<segmented>0</segmented>
	<object>
		<name>sprite_bottle</name>
		<pose>Unspecified</pose>
		<truncated>1</truncated>
		<difficult>0</difficult>
		<bndbox>
			<xmin>1</xmin>
			<ymin>2</ymin>
			<xmax>409</xmax>
			<ymax>1344</ymax>
		</bndbox>
	</object>
</annotation>
