<annotation>
	<folder>sprbottle</folder>
	<filename>sprbottle14.jpg</filename>
	<path>C:\Users\dammy -pc\Downloads\branding\sprite bottle\sprbottle\sprbottle14.jpg</path>
	<source>
		<database>Unknown</database>
	</source>
	<size>
		<width>866</width>
		<height>1390</height>
		<depth>3</depth>
	</size>
	<segmented>0</segmented>
	<object>
		<name>sprite_bottle</name>
		<pose>Unspecified</pose>
		<truncated>0</truncated>
		<difficult>0</difficult>
		<bndbox>
			<xmin>323</xmin>
			<ymin>229</ymin>
			<xmax>729</xmax>
			<ymax>1298</ymax>
		</bndbox>
	</object>
</annotation>
