<annotation>
	<folder>sprbottle</folder>
	<filename>sprbottle1.png</filename>
	<path>C:\Users\dammy -pc\Downloads\branding\sprite bottle\sprbottle\sprbottle1.png</path>
	<source>
		<database>Unknown</database>
	</source>
	<size>
		<width>820</width>
		<height>1311</height>
		<depth>3</depth>
	</size>
	<segmented>0</segmented>
	<object>
		<name>sprite_bottle</name>
		<pose>Unspecified</pose>
		<truncated>0</truncated>
		<difficult>0</difficult>
		<bndbox>
			<xmin>239</xmin>
			<ymin>42</ymin>
			<xmax>587</xmax>
			<ymax>1272</ymax>
		</bndbox>
	</object>
</annotation>
