<annotation>
	<folder>sprbottle</folder>
	<filename>sprbottle22.jpg</filename>
	<path>C:\Users\dammy -pc\Downloads\branding\sprite bottle\sprbottle\sprbottle22.jpg</path>
	<source>
		<database>Unknown</database>
	</source>
	<size>
		<width>500</width>
		<height>500</height>
		<depth>3</depth>
	</size>
	<segmented>0</segmented>
	<object>
		<name>sprite_bottle</name>
		<pose>Unspecified</pose>
		<truncated>0</truncated>
		<difficult>0</difficult>
		<bndbox>
			<xmin>187</xmin>
			<ymin>29</ymin>
			<xmax>305</xmax>
			<ymax>473</ymax>
		</bndbox>
	</object>
	<object>
		<name>sprite_bottle</name>
		<pose>Unspecified</pose>
		<truncated>0</truncated>
		<difficult>0</difficult>
		<bndbox>
			<xmin>105</xmin>
			<ymin>51</ymin>
			<xmax>193</xmax>
			<ymax>441</ymax>
		</bndbox>
	</object>
	<object>
		<name>sprite_bottle</name>
		<pose>Unspecified</pose>
		<truncated>0</truncated>
		<difficult>0</difficult>
		<bndbox>
			<xmin>300</xmin>
			<ymin>51</ymin>
			<xmax>382</xmax>
			<ymax>440</ymax>
		</bndbox>
	</object>
</annotation>
