<annotation>
	<folder>sprbottle</folder>
	<filename>sprbottle2.png</filename>
	<path>C:\Users\dammy -pc\Downloads\branding\sprite bottle\sprbottle\sprbottle2.png</path>
	<source>
		<database>Unknown</database>
	</source>
	<size>
		<width>348</width>
		<height>597</height>
		<depth>3</depth>
	</size>
	<segmented>0</segmented>
	<object>
		<name>sprite_bottle</name>
		<pose>Unspecified</pose>
		<truncated>0</truncated>
		<difficult>0</difficult>
		<bndbox>
			<xmin>87</xmin>
			<ymin>22</ymin>
			<xmax>257</xmax>
			<ymax>582</ymax>
		</bndbox>
	</object>
</annotation>
