<annotation>
	<folder>sprbottle</folder>
	<filename>sprbottle11.png</filename>
	<path>C:\Users\dammy -pc\Downloads\branding\sprite bottle\sprbottle\sprbottle11.png</path>
	<source>
		<database>Unknown</database>
	</source>
	<size>
		<width>880</width>
		<height>901</height>
		<depth>3</depth>
	</size>
	<segmented>0</segmented>
	<object>
		<name>sprite_bottle</name>
		<pose>Unspecified</pose>
		<truncated>0</truncated>
		<difficult>0</difficult>
		<bndbox>
			<xmin>318</xmin>
			<ymin>40</ymin>
			<xmax>565</xmax>
			<ymax>859</ymax>
		</bndbox>
	</object>
</annotation>
