<annotation>
	<folder>sprcan</folder>
	<filename>sprcan22.png</filename>
	<path>C:\Users\dammy -pc\Downloads\branding\sprite can\sprcan\sprcan22.png</path>
	<source>
		<database>Unknown</database>
	</source>
	<size>
		<width>224</width>
		<height>280</height>
		<depth>3</depth>
	</size>
	<segmented>0</segmented>
	<object>
		<name>sprite_can</name>
		<pose>Unspecified</pose>
		<truncated>0</truncated>
		<difficult>0</difficult>
		<bndbox>
			<xmin>51</xmin>
			<ymin>12</ymin>
			<xmax>184</xmax>
			<ymax>267</ymax>
		</bndbox>
	</object>
</annotation>
