<annotation>
	<folder>sprcan</folder>
	<filename>sprcan19.png</filename>
	<path>C:\Users\dammy -pc\Downloads\branding\sprite can\sprcan\sprcan19.png</path>
	<source>
		<database>Unknown</database>
	</source>
	<size>
		<width>400</width>
		<height>600</height>
		<depth>3</depth>
	</size>
	<segmented>0</segmented>
	<object>
		<name>sprite_can</name>
		<pose>Unspecified</pose>
		<truncated>0</truncated>
		<difficult>0</difficult>
		<bndbox>
			<xmin>90</xmin>
			<ymin>20</ymin>
			<xmax>308</xmax>
			<ymax>582</ymax>
		</bndbox>
	</object>
</annotation>
