<annotation>
	<folder>sprcan</folder>
	<filename>sprcan27.png</filename>
	<path>C:\Users\dammy -pc\Downloads\branding\sprite can\sprcan\sprcan27.png</path>
	<source>
		<database>Unknown</database>
	</source>
	<size>
		<width>840</width>
		<height>840</height>
		<depth>3</depth>
	</size>
	<segmented>0</segmented>
	<object>
		<name>sprite_can</name>
		<pose>Unspecified</pose>
		<truncated>0</truncated>
		<difficult>0</difficult>
		<bndbox>
			<xmin>218</xmin>
			<ymin>39</ymin>
			<xmax>622</xmax>
			<ymax>790</ymax>
		</bndbox>
	</object>
</annotation>
