<annotation>
	<folder>sprcan</folder>
	<filename>sprcan26.jpg</filename>
	<path>C:\Users\dammy -pc\Downloads\branding\sprite can\sprcan\sprcan26.jpg</path>
	<source>
		<database>Unknown</database>
	</source>
	<size>
		<width>861</width>
		<height>1390</height>
		<depth>3</depth>
	</size>
	<segmented>0</segmented>
	<object>
		<name>sprite_can</name>
		<pose>Unspecified</pose>
		<truncated>0</truncated>
		<difficult>0</difficult>
		<bndbox>
			<xmin>152</xmin>
			<ymin>138</ymin>
			<xmax>742</xmax>
			<ymax>1238</ymax>
		</bndbox>
	</object>
</annotation>
