<annotation>
	<folder>sprcan</folder>
	<filename>sprcan24.png</filename>
	<path>C:\Users\dammy -pc\Downloads\branding\sprite can\sprcan\sprcan24.png</path>
	<source>
		<database>Unknown</database>
	</source>
	<size>
		<width>900</width>
		<height>746</height>
		<depth>3</depth>
	</size>
	<segmented>0</segmented>
	<object>
		<name>sprite_can</name>
		<pose>Unspecified</pose>
		<truncated>0</truncated>
		<difficult>0</difficult>
		<bndbox>
			<xmin>458</xmin>
			<ymin>62</ymin>
			<xmax>781</xmax>
			<ymax>679</ymax>
		</bndbox>
	</object>
	<object>
		<name>sprite_can</name>
		<pose>Unspecified</pose>
		<truncated>0</truncated>
		<difficult>0</difficult>
		<bndbox>
			<xmin>80</xmin>
			<ymin>313</ymin>
			<xmax>443</xmax>
			<ymax>654</ymax>
		</bndbox>
	</object>
</annotation>
