<annotation>
	<folder>sprcan</folder>
	<filename>sprcan21.png</filename>
	<path>C:\Users\dammy -pc\Downloads\branding\sprite can\sprcan\sprcan21.png</path>
	<source>
		<database>Unknown</database>
	</source>
	<size>
		<width>900</width>
		<height>835</height>
		<depth>3</depth>
	</size>
	<segmented>0</segmented>
	<object>
		<name>sprite_can</name>
		<pose>Unspecified</pose>
		<truncated>0</truncated>
		<difficult>0</difficult>
		<bndbox>
			<xmin>251</xmin>
			<ymin>13</ymin>
			<xmax>676</xmax>
			<ymax>820</ymax>
		</bndbox>
	</object>
</annotation>
