<annotation>
	<folder>sprcan</folder>
	<filename>sprcan1.jpg</filename>
	<path>C:\Users\dammy -pc\Downloads\branding\sprite can\sprcan\sprcan1.jpg</path>
	<source>
		<database>Unknown</database>
	</source>
	<size>
		<width>500</width>
		<height>500</height>
		<depth>3</depth>
	</size>
	<segmented>0</segmented>
	<object>
		<name>sprite_can</name>
		<pose>Unspecified</pose>
		<truncated>0</truncated>
		<difficult>0</difficult>
		<bndbox>
			<xmin>153</xmin>
			<ymin>62</ymin>
			<xmax>342</xmax>
			<ymax>434</ymax>
		</bndbox>
	</object>
	<object>
		<name>sprite_can</name>
		<pose>Unspecified</pose>
		<truncated>0</truncated>
		<difficult>0</difficult>
		<bndbox>
			<xmin>338</xmin>
			<ymin>82</ymin>
			<xmax>492</xmax>
			<ymax>424</ymax>
		</bndbox>
	</object>
	<object>
		<name>sprite_can</name>
		<pose>Unspecified</pose>
		<truncated>0</truncated>
		<difficult>0</difficult>
		<bndbox>
			<xmin>8</xmin>
			<ymin>82</ymin>
			<xmax>151</xmax>
			<ymax>422</ymax>
		</bndbox>
	</object>
</annotation>
