<annotation>
	<folder>sprcan</folder>
	<filename>sprcan28.jpg</filename>
	<path>C:\Users\dammy -pc\Downloads\branding\sprite can\sprcan\sprcan28.jpg</path>
	<source>
		<database>Unknown</database>
	</source>
	<size>
		<width>711</width>
		<height>948</height>
		<depth>3</depth>
	</size>
	<segmented>0</segmented>
	<object>
		<name>sprite_can</name>
		<pose>Unspecified</pose>
		<truncated>0</truncated>
		<difficult>0</difficult>
		<bndbox>
			<xmin>195</xmin>
			<ymin>170</ymin>
			<xmax>497</xmax>
			<ymax>699</ymax>
		</bndbox>
	</object>
</annotation>
