<annotation>
	<folder>sprcan</folder>
	<filename>sprcan11.jpg</filename>
	<path>C:\Users\dammy -pc\Downloads\branding\sprite can\sprcan\sprcan11.jpg</path>
	<source>
		<database>Unknown</database>
	</source>
	<size>
		<width>197</width>
		<height>256</height>
		<depth>3</depth>
	</size>
	<segmented>0</segmented>
	<object>
		<name>sprite_can</name>
		<pose>Unspecified</pose>
		<truncated>0</truncated>
		<difficult>0</difficult>
		<bndbox>
			<xmin>46</xmin>
			<ymin>33</ymin>
			<xmax>151</xmax>
			<ymax>222</ymax>
		</bndbox>
	</object>
</annotation>
