<annotation>
	<folder>sprcan</folder>
	<filename>sprcan25.jpg</filename>
	<path>C:\Users\dammy -pc\Downloads\branding\sprite can\sprcan\sprcan25.jpg</path>
	<source>
		<database>Unknown</database>
	</source>
	<size>
		<width>861</width>
		<height>1390</height>
		<depth>3</depth>
	</size>
	<segmented>0</segmented>
	<object>
		<name>sprite_can</name>
		<pose>Unspecified</pose>
		<truncated>0</truncated>
		<difficult>0</difficult>
		<bndbox>
			<xmin>148</xmin>
			<ymin>151</ymin>
			<xmax>731</xmax>
			<ymax>1229</ymax>
		</bndbox>
	</object>
</annotation>
