<annotation>
	<folder>sprcan</folder>
	<filename>sprcan23.jpg</filename>
	<path>C:\Users\dammy -pc\Downloads\branding\sprite can\sprcan\sprcan23.jpg</path>
	<source>
		<database>Unknown</database>
	</source>
	<size>
		<width>250</width>
		<height>244</height>
		<depth>3</depth>
	</size>
	<segmented>0</segmented>
	<object>
		<name>sprite_can</name>
		<pose>Unspecified</pose>
		<truncated>0</truncated>
		<difficult>0</difficult>
		<bndbox>
			<xmin>79</xmin>
			<ymin>7</ymin>
			<xmax>169</xmax>
			<ymax>237</ymax>
		</bndbox>
	</object>
</annotation>
